date,average_price,date
2015-07-17,68.62323943661971,2015-07-17
2015-07-18,68.19545454545455,2015-07-18
2015-07-19,63.1513353115727,2015-07-19
2015-07-20,62.89384342538637,2015-07-20
2015-07-21,62.66154233870968,2015-07-21
2015-07-22,62.38972959563384,2015-07-22
2015-07-23,62.45912104100172,2015-07-23
2015-07-24,67.72044845235193,2015-07-24
2015-07-25,68.08939759036143,2015-07-25
2015-07-26,63.059776408852386,2015-07-26
2015-07-27,62.34163147366081,2015-07-27
2015-07-28,62.461284645842504,2015-07-28
2015-07-29,62.925395792669704,2015-07-29
2015-07-30,63.05757575757576,2015-07-30
2015-07-31,67.79878686467266,2015-07-31
2015-08-01,66.51358075886378,2015-08-01
2015-08-02,61.971179216561794,2015-08-02
2015-08-03,61.733999999999995,2015-08-03
2015-08-04,62.121527083749754,2015-08-04
2015-08-05,62.00059689614008,2015-08-05
2015-08-06,61.841383422778776,2015-08-06
2015-08-07,66.6897644030885,2015-08-07
2015-08-08,66.98723237085052,2015-08-08
2015-08-09,62.26913437439754,2015-08-09
2015-08-10,61.686756238003845,2015-08-10
2015-08-11,61.99281119939464,2015-08-11
2015-08-12,62.16493873704053,2015-08-12
2015-08-13,62.42908000749485,2015-08-13
2015-08-14,67.63700670141475,2015-08-14
2015-08-15,68.1591676040495,2015-08-15
2015-08-16,63.56261510128913,2015-08-16
2015-08-17,63.244010320678214,2015-08-17
2015-08-18,63.26066961000736,2015-08-18
2015-08-19,63.31284103310295,2015-08-19
2015-08-20,63.40284101256602,2015-08-20
2015-08-21,68.12284834209096,2015-08-21
2015-08-22,68.22036667271738,2015-08-22
2015-08-23,63.74448628294782,2015-08-23
2015-08-24,63.44820104863496,2015-08-24
2015-08-25,63.54581386992454,2015-08-25
2015-08-26,63.46878363832077,2015-08-26
2015-08-27,63.38345864661653,2015-08-27
2015-08-28,68.09437679083095,2015-08-28
2015-08-29,67.98910908766291,2015-08-29
2015-08-30,63.44862953138815,2015-08-30
2015-08-31,63.23229312762973,2015-08-31
2015-09-01,64.55417956656346,2015-09-01
2015-09-02,64.71402315750781,2015-09-02
2015-09-03,67.18192464928364,2015-09-03
2015-09-04,71.74628003258601,2015-09-04
2015-09-05,71.7290908081568,2015-09-05
2015-09-06,66.52625999951697,2015-09-06
2015-09-07,66.08395369399582,2015-09-07
2015-09-08,65.78100782528833,2015-09-08
2015-09-09,65.78423597103034,2015-09-09
2015-09-10,65.13530671793097,2015-09-10
2015-09-11,69.97417200438625,2015-09-11
2015-09-12,69.61796699174793,2015-09-12
2015-09-13,65.28434269438691,2015-09-13
2015-09-14,65.67118838806516,2015-09-14
2015-09-15,65.84374311335208,2015-09-15
2015-09-16,65.62850095884411,2015-09-16
2015-09-17,64.74029668026355,2015-09-17
2015-09-18,69.79693324715006,2015-09-18
2015-09-19,69.68007223752456,2015-09-19
2015-09-20,65.08140674298927,2015-09-20
2015-09-21,65.23877577761536,2015-09-21
2015-09-22,65.6624110720361,2015-09-22
2015-09-23,65.66867878621231,2015-09-23
2015-09-24,65.05166800376313,2015-09-24
2015-09-25,69.5765570387329,2015-09-25
2015-09-26,69.39832007772193,2015-09-26
2015-09-27,64.7251603204126,2015-09-27
2015-09-28,64.89565319154217,2015-09-28
2015-09-29,65.17452024723667,2015-09-29
2015-09-30,64.97867696970229,2015-09-30
2015-10-01,64.39982010683366,2015-10-01
2015-10-02,75.81702821963573,2015-10-02
2015-10-03,76.29122270627096,2015-10-03
2015-10-04,69.30300728666667,2015-10-04
2015-10-05,68.95757636998913,2015-10-05
2015-10-06,69.13410109868269,2015-10-06
2015-10-07,69.11311640343926,2015-10-07
2015-10-08,69.00958615463611,2015-10-08
2015-10-09,73.27209677888692,2015-10-09
2015-10-10,72.73352569629238,2015-10-10
2015-10-11,67.61351343443165,2015-10-11
2015-10-12,65.14444117321175,2015-10-12
2015-10-13,63.760141707257446,2015-10-13
2015-10-14,63.05565524349468,2015-10-14
2015-10-15,64.07713160129741,2015-10-15
2015-10-16,69.95258794829763,2015-10-16
2015-10-17,70.28922024762059,2015-10-17
2015-10-18,67.02707820795278,2015-10-18
2015-10-19,67.16360111888703,2015-10-19
2015-10-20,67.34210311505846,2015-10-20
2015-10-21,67.1418107388825,2015-10-21
2015-10-22,66.87251486000686,2015-10-22
2015-10-23,71.08758700519438,2015-10-23
2015-10-24,70.93157644357674,2015-10-24
2015-10-25,66.86765075807857,2015-10-25
2015-10-26,66.68200883939276,2015-10-26
2015-10-27,66.75465623351361,2015-10-27
2015-10-28,66.68944600714458,2015-10-28
2015-10-29,67.2759182442512,2015-10-29
2015-10-30,72.48279201653627,2015-10-30
2015-10-31,72.7261489033527,2015-10-31
2015-11-01,68.11225443977753,2015-11-01
2015-11-02,67.38763402436871,2015-11-02
2015-11-03,66.9050933875467,2015-11-03
2015-11-04,67.00232199986343,2015-11-04
2015-11-05,66.84416708811573,2015-11-05
2015-11-06,71.70513960483795,2015-11-06
2015-11-07,71.70058843440307,2015-11-07
2015-11-08,67.37653133708811,2015-11-08
2015-11-09,67.147404395437,2015-11-09
2015-11-10,67.11021444431705,2015-11-10
2015-11-11,67.18205235904792,2015-11-11
2015-11-12,67.1646298201548,2015-11-12
2015-11-13,72.08148811195632,2015-11-13
2015-11-14,72.13634673653233,2015-11-14
2015-11-15,67.34200020859521,2015-11-15
2015-11-16,67.17750859826718,2015-11-16
2015-11-17,67.21020264593677,2015-11-17
2015-11-18,67.16246286234453,2015-11-18
2015-11-19,67.28022686396766,2015-11-19
2015-11-20,71.98591422971431,2015-11-20
2015-11-21,71.71376048037183,2015-11-21
2015-11-22,66.85230559747372,2015-11-22
2015-11-23,66.73199344882478,2015-11-23
2015-11-24,66.79157239896286,2015-11-24
2015-11-25,66.80100464605164,2015-11-25
2015-11-26,66.86667612285328,2015-11-26
2015-11-27,71.97345780482276,2015-11-27
2015-11-28,72.07807680530524,2015-11-28
2015-11-29,67.37531186087088,2015-11-29
2015-11-30,67.2674420058427,2015-11-30
2015-12-01,67.78026907770754,2015-12-01
2015-12-02,68.15800978427596,2015-12-02
2015-12-03,69.21938779572285,2015-12-03
2015-12-04,75.48850369635238,2015-12-04
2015-12-05,75.25380398701726,2015-12-05
2015-12-06,71.92722278807516,2015-12-06
2015-12-07,71.5478016159339,2015-12-07
2015-12-08,70.65123144985557,2015-12-08
2015-12-09,68.77180888484934,2015-12-09
2015-12-10,67.82223791313926,2015-12-10
2015-12-11,72.62612207249276,2015-12-11
2015-12-12,72.6497193174442,2015-12-12
2015-12-13,67.85398886832952,2015-12-13
2015-12-14,67.55958080833703,2015-12-14
2015-12-15,67.49646314500394,2015-12-15
2015-12-16,67.4759271862208,2015-12-16
2015-12-17,67.64923195607736,2015-12-17
2015-12-18,72.44587991984197,2015-12-18
2015-12-19,72.27916524018089,2015-12-19
2015-12-20,67.72305287767487,2015-12-20
2015-12-21,68.9262065066222,2015-12-21
2015-12-22,69.40335382140928,2015-12-22
2015-12-23,70.81663626451693,2015-12-23
2015-12-24,72.85814611931916,2015-12-24
2015-12-25,75.62736118888519,2015-12-25
2015-12-26,75.05803249757967,2015-12-26
2015-12-27,71.58372324297109,2015-12-27
2015-12-28,71.3567449318469,2015-12-28
2015-12-29,71.71980615980975,2015-12-29
2015-12-30,72.98471832329535,2015-12-30
2015-12-31,75.19655740116481,2015-12-31
2016-01-01,77.34370695986,2016-01-01
2016-01-02,76.99559682157683,2016-01-02
2016-01-03,73.03389347209588,2016-01-03
2016-01-04,69.96370976741811,2016-01-04
2016-01-05,69.93311621025647,2016-01-05
2016-01-06,69.38523194843837,2016-01-06
2016-01-07,68.16456093679311,2016-01-07
2016-01-08,71.99228736931398,2016-01-08
2016-01-09,72.01983337002069,2016-01-09
2016-01-10,66.73951251121503,2016-01-10
2016-01-11,66.16580361864283,2016-01-11
2016-01-12,66.16914949253801,2016-01-12
2016-01-13,66.16926872227853,2016-01-13
2016-01-14,66.17586266852233,2016-01-14
2016-01-15,71.14164317969838,2016-01-15
2016-01-16,71.13083958095638,2016-01-16
2016-01-17,66.22837891407461,2016-01-17
2016-01-18,66.12280121012087,2016-01-18
2016-01-19,66.10373242404813,2016-01-19
2016-01-20,66.13116261403009,2016-01-20
2016-01-21,66.15548709267632,2016-01-21
2016-01-22,71.09195921176635,2016-01-22
2016-01-23,71.13746509153576,2016-01-23
2016-01-24,66.20616496293738,2016-01-24
2016-01-25,66.2496666754476,2016-01-25
2016-01-26,66.24432183453098,2016-01-26
2016-01-27,66.2678690453744,2016-01-27
2016-01-28,66.32064221133714,2016-01-28
2016-01-29,71.25413330490962,2016-01-29
2016-01-30,71.24857639596145,2016-01-30
2016-01-31,66.37709016056577,2016-01-31
2016-02-01,65.97350839401389,2016-02-01
2016-02-02,65.99503654488908,2016-02-02
2016-02-03,65.99702738867937,2016-02-03
2016-02-04,65.97477039400047,2016-02-04
2016-02-05,70.83720626264494,2016-02-05
2016-02-06,70.84501369489846,2016-02-06
2016-02-07,65.91789291942202,2016-02-07
2016-02-08,65.91591180196663,2016-02-08
2016-02-09,65.9564559194677,2016-02-09
2016-02-10,65.8706672808941,2016-02-10
2016-02-11,65.89899110679234,2016-02-11
2016-02-12,70.71618925889183,2016-02-12
2016-02-13,70.74988323493824,2016-02-13
2016-02-14,65.9034675198054,2016-02-14
2016-02-15,65.87526621658914,2016-02-15
2016-02-16,65.92310573228589,2016-02-16
2016-02-17,65.90081514366987,2016-02-17
2016-02-18,65.92708502901824,2016-02-18
2016-02-19,70.79342093843125,2016-02-19
2016-02-20,70.83033010621382,2016-02-20
2016-02-21,66.02712034633156,2016-02-21
2016-02-22,65.99056469195686,2016-02-22
2016-02-23,65.98779727135378,2016-02-23
2016-02-24,65.95534064762505,2016-02-24
2016-02-25,65.9170251229723,2016-02-25
2016-02-26,70.79304178113645,2016-02-26
2016-02-27,70.83833962588692,2016-02-27
2016-02-28,65.98645798239956,2016-02-28
2016-02-29,65.9468175897981,2016-02-29
2016-03-01,66.06918952170425,2016-03-01
2016-03-02,66.02524440832138,2016-03-02
2016-03-03,66.02244934063577,2016-03-03
2016-03-04,70.85140993410864,2016-03-04
2016-03-05,70.90775778639723,2016-03-05
2016-03-06,66.11565996456949,2016-03-06
2016-03-07,66.00087275914201,2016-03-07
2016-03-08,65.99421223067466,2016-03-08
2016-03-09,65.97252377424535,2016-03-09
2016-03-10,66.02616912016713,2016-03-10
2016-03-11,70.81464305954385,2016-03-11
2016-03-12,70.7968407804692,2016-03-12
2016-03-13,65.97797669346461,2016-03-13
2016-03-14,65.96629065945247,2016-03-14
2016-03-15,66.00639949006886,2016-03-15
2016-03-16,66.04874807241904,2016-03-16
2016-03-17,66.12828908895908,2016-03-17
2016-03-18,71.2163412409452,2016-03-18
2016-03-19,71.1533488400424,2016-03-19
2016-03-20,66.67602371618678,2016-03-20
2016-03-21,66.76870155957438,2016-03-21
2016-03-22,66.78384242709424,2016-03-22
2016-03-23,66.91452948496892,2016-03-23
2016-03-24,67.00268215080364,2016-03-24
2016-03-25,71.43878353858746,2016-03-25
2016-03-26,71.42339923374199,2016-03-26
2016-03-27,66.88234488924984,2016-03-27
2016-03-28,66.31464664003899,2016-03-28
2016-03-29,65.83341209144409,2016-03-29
2016-03-30,65.81674673988117,2016-03-30
2016-03-31,65.78728198190713,2016-03-31
2016-04-01,70.56453066199249,2016-04-01
2016-04-02,70.64141893905816,2016-04-02
2016-04-03,65.957127672233,2016-04-03
2016-04-04,65.87213987049086,2016-04-04
2016-04-05,65.9241121101748,2016-04-05
2016-04-06,65.93327641373672,2016-04-06
2016-04-07,65.96347377339322,2016-04-07
2016-04-08,70.61151537482198,2016-04-08
2016-04-09,70.66566760252526,2016-04-09
2016-04-10,65.98396510377563,2016-04-10
2016-04-11,65.93921422035895,2016-04-11
2016-04-12,65.93855055076993,2016-04-12
2016-04-13,66.00509997253123,2016-04-13
2016-04-14,66.04474750520656,2016-04-14
2016-04-15,70.7467177571853,2016-04-15
2016-04-16,70.67634751793805,2016-04-16
2016-04-17,65.96917493485196,2016-04-17
2016-04-18,65.87695023456259,2016-04-18
2016-04-19,65.9130761236707,2016-04-19
2016-04-20,65.8788993122917,2016-04-20
2016-04-21,65.89591520163958,2016-04-21
2016-04-22,70.56012577100711,2016-04-22
2016-04-23,70.51493959276743,2016-04-23
2016-04-24,65.82677861989872,2016-04-24
2016-04-25,65.9128332146938,2016-04-25
2016-04-26,65.93985490768597,2016-04-26
2016-04-27,65.9435727038599,2016-04-27
2016-04-28,65.95811634439045,2016-04-28
2016-04-29,70.74784868195792,2016-04-29
2016-04-30,70.81857351131505,2016-04-30
2016-05-01,66.23630535969455,2016-05-01
2016-05-02,66.20205138482355,2016-05-02
2016-05-03,65.90775796101097,2016-05-03
2016-05-04,65.79819900429162,2016-05-04
2016-05-05,65.79657079346687,2016-05-05
2016-05-06,70.4110454657842,2016-05-06
2016-05-07,70.4464472768438,2016-05-07
2016-05-08,65.87968700232055,2016-05-08
2016-05-09,65.91397193259762,2016-05-09
2016-05-10,65.94151192682939,2016-05-10
2016-05-11,65.96019137652688,2016-05-11
2016-05-12,65.94247692192764,2016-05-12
2016-05-13,70.6561762670167,2016-05-13
2016-05-14,70.67681275935503,2016-05-14
2016-05-15,66.0206374107998,2016-05-15
2016-05-16,65.94436184586301,2016-05-16
2016-05-17,65.9309673469946,2016-05-17
2016-05-18,65.95384489676793,2016-05-18
2016-05-19,65.97604354227369,2016-05-19
2016-05-20,70.64995571682962,2016-05-20
2016-05-21,70.64708690993965,2016-05-21
2016-05-22,66.01475980411975,2016-05-22
2016-05-23,65.96231258123196,2016-05-23
2016-05-24,65.9362187823077,2016-05-24
2016-05-25,65.95130197585411,2016-05-25
2016-05-26,65.98483996491115,2016-05-26
2016-05-27,70.68474732625936,2016-05-27
2016-05-28,70.6699916111977,2016-05-28
2016-05-29,65.94747119787938,2016-05-29
2016-05-30,65.86060028936858,2016-05-30
2016-05-31,65.87095910963609,2016-05-31
2016-06-01,65.82250046385595,2016-06-01
2016-06-02,65.91430631680379,2016-06-02
2016-06-03,70.5520225248808,2016-06-03
2016-06-04,70.55823112960796,2016-06-04
2016-06-05,65.87840316210698,2016-06-05
2016-06-06,65.78584506811636,2016-06-06
2016-06-07,65.7993474341914,2016-06-07
2016-06-08,65.7957021696184,2016-06-08
2016-06-09,65.83309796773027,2016-06-09
2016-06-10,70.5324147715425,2016-06-10
2016-06-11,70.50663300272423,2016-06-11
2016-06-12,65.87492135627171,2016-06-12
2016-06-13,65.8229241352707,2016-06-13
2016-06-14,65.90972917035761,2016-06-14
2016-06-15,65.90020807937022,2016-06-15
2016-06-16,65.93409842427398,2016-06-16
2016-06-17,70.65936244656551,2016-06-17
2016-06-18,70.65153156938875,2016-06-18
2016-06-19,65.9557604528217,2016-06-19
2016-06-20,65.90124043756886,2016-06-20
2016-06-21,65.89082253140155,2016-06-21
2016-06-22,65.88428544834694,2016-06-22
2016-06-23,65.98228272454905,2016-06-23
2016-06-24,70.6812730883676,2016-06-24
2016-06-25,70.6547205562232,2016-06-25
2016-06-26,65.98573819199989,2016-06-26
2016-06-27,66.09595381033112,2016-06-27
2016-06-28,66.14805881339817,2016-06-28
2016-06-29,66.26094034770009,2016-06-29
2016-06-30,66.36353326357408,2016-06-30
2016-07-01,71.00451100407075,2016-07-01
2016-07-02,71.03576028162117,2016-07-02
2016-07-03,66.5284244523146,2016-07-03
2016-07-04,66.10331890099418,2016-07-04
2016-07-05,66.19120566407528,2016-07-05
2016-07-06,66.06286213704404,2016-07-06
2016-07-07,66.16365998394139,2016-07-07
2016-07-08,70.9346950101135,2016-07-08
2016-07-09,70.89078667425979,2016-07-09
2016-07-10,66.2366152744475,2016-07-10
2016-07-11,66.04352503087861,2016-07-11
2016-07-12,66.06204451769055,2016-07-12
2016-07-13,66.06279243414004,2016-07-13
2016-07-14,66.10372278734131,2016-07-14
2016-07-15,70.79487034801973,2016-07-15
2016-07-16,70.65620948363136,2016-07-16
2016-07-17,67.19393248979091,2016-07-17
2016-07-18,67.01178108949466,2016-07-18
2016-07-19,66.97733922563211,2016-07-19
2016-07-20,67.03901891349294,2016-07-20
2016-07-21,67.08555891638453,2016-07-21
2016-07-22,71.68503058439572,2016-07-22
2016-07-23,71.69669880474532,2016-07-23
2016-07-24,67.25022597257463,2016-07-24
2016-07-25,67.17110465018425,2016-07-25
2016-07-26,67.1153308080145,2016-07-26
2016-07-27,67.08264699749182,2016-07-27
2016-07-28,67.18662692929304,2016-07-28
2016-07-29,71.62017828383446,2016-07-29
2016-07-30,71.66246536406187,2016-07-30
2016-07-31,67.1938532406653,2016-07-31
2016-08-01,66.86016273913896,2016-08-01
2016-08-02,66.80328224490978,2016-08-02
2016-08-03,66.749448455335,2016-08-03
2016-08-04,66.8228546464778,2016-08-04
2016-08-05,71.28339243425745,2016-08-05
2016-08-06,71.27176908213352,2016-08-06
2016-08-07,66.94756512262714,2016-08-07
2016-08-08,66.77777435715416,2016-08-08
2016-08-09,66.73442275167,2016-08-09
2016-08-10,66.70857462802459,2016-08-10
2016-08-11,66.79416888863196,2016-08-11
2016-08-12,71.24095267260164,2016-08-12
2016-08-13,71.24424025665024,2016-08-13
2016-08-14,66.91033841630312,2016-08-14
2016-08-15,66.78109988735834,2016-08-15
2016-08-16,66.70603384804414,2016-08-16
2016-08-17,66.7683795758781,2016-08-17
2016-08-18,66.79325533809308,2016-08-18
2016-08-19,71.25717928552865,2016-08-19
2016-08-20,71.2713946569364,2016-08-20
2016-08-21,66.93130589142851,2016-08-21
2016-08-22,66.82127859168229,2016-08-22
2016-08-23,66.83166960488116,2016-08-23
2016-08-24,66.8105599282253,2016-08-24
2016-08-25,66.79809485231871,2016-08-25
2016-08-26,71.27499674954616,2016-08-26
2016-08-27,71.28318364944244,2016-08-27
2016-08-28,66.9634627417274,2016-08-28
2016-08-29,66.92587442314587,2016-08-29
2016-08-30,66.91306943487854,2016-08-30
2016-08-31,66.89385308001067,2016-08-31
2016-09-01,67.09880838601944,2016-09-01
2016-09-02,71.60261034476588,2016-09-02
2016-09-03,72.81449631449631,2016-09-03
2016-09-04,68.59595340282036,2016-09-04
2016-09-05,68.49127906976744,2016-09-05
2016-09-06,68.46658510475608,2016-09-06
2016-09-07,68.45178052880941,2016-09-07
2016-09-08,68.50481283422461,2016-09-08
2016-09-09,72.7992973881167,2016-09-09
2016-09-10,72.81829286914031,2016-09-10
2016-09-11,68.57917239273172,2016-09-11
2016-09-12,68.50068670837784,2016-09-12
2016-09-13,68.49008541793775,2016-09-13
2016-09-14,68.54277870977582,2016-09-14
2016-09-15,68.69519450800915,2016-09-15
2016-09-16,72.86040841206949,2016-09-16
2016-09-17,72.89808043875685,2016-09-17
2016-09-18,68.79875076173064,2016-09-18
2016-09-19,68.7932084665753,2016-09-19
2016-09-20,68.76499238964992,2016-09-20
2016-09-21,68.81859686501294,2016-09-21
2016-09-22,68.87642672348197,2016-09-22
2016-09-23,72.98600334702572,2016-09-23
2016-09-24,73.01399665297428,2016-09-24
2016-09-25,68.87450562823243,2016-09-25
2016-09-26,68.82592818015824,2016-09-26
2016-09-27,68.74920152091254,2016-09-27
2016-09-28,68.69574468085106,2016-09-28
2016-09-29,68.71560886729425,2016-09-29
2016-09-30,73.25645308229578,2016-09-30
2017-03-06,70.15525925925925,2017-03-06
2017-03-07,69.91385623434188,2017-03-07
2017-03-08,70.18181818181819,2017-03-08
2017-03-09,71.98083518257009,2017-03-09
2017-03-10,79.34920634920636,2017-03-10
2017-03-11,80.19371727748691,2017-03-11
2017-03-12,71.15339883697614,2017-03-12
2017-03-13,70.30597143348821,2017-03-13
2017-03-14,70.88898191560618,2017-03-14
2017-03-15,70.9314237573715,2017-03-15
2017-03-16,71.60212727600505,2017-03-16
2017-03-17,78.2723460604723,2017-03-17
2017-03-18,77.98321234119783,2017-03-18
2017-03-19,72.33850220264317,2017-03-19
2017-03-20,71.73048646957609,2017-03-20
2017-03-21,71.24969770253931,2017-03-21
2017-03-22,71.23980374118369,2017-03-22
2017-03-23,71.24893686620871,2017-03-23
2017-03-24,77.38613096387871,2017-03-24
2017-03-25,78.10403354632588,2017-03-25
2017-03-26,71.8286130441819,2017-03-26
2017-03-27,70.96782362580069,2017-03-27
2017-03-28,70.70985135529,2017-03-28
2017-03-29,70.69443631039532,2017-03-29
2017-03-30,71.23839532739011,2017-03-30
2017-03-31,75.95019954884609,2017-03-31
2017-04-01,75.18672423097681,2017-04-01
2017-04-02,71.00739575137686,2017-04-02
2017-04-03,71.6040786598689,2017-04-03
2017-04-04,71.382714305889,2017-04-04
2017-04-05,71.56889763779527,2017-04-05
2017-04-06,71.39216840865599,2017-04-06
2017-04-07,189.9180447944502,2017-04-07
2017-04-08,275.9271656269842,2017-04-08
2017-04-09,175.73437144866134,2017-04-09
2017-04-10,163.26988242521693,2017-04-10
2017-04-11,159.53970142973986,2017-04-11
2017-04-12,169.75044877554467,2017-04-12
2017-04-13,213.04637443720893,2017-04-13
2017-04-14,242.10201724136766,2017-04-14
2017-04-15,224.768937545043,2017-04-15
2017-04-16,165.82610433191704,2017-04-16
2017-04-17,140.66342662603049,2017-04-17
2017-04-18,137.50639400604763,2017-04-18
2017-04-19,138.52835873949573,2017-04-19
2017-04-20,150.41782245963822,2017-04-20
2017-04-21,197.46132755498124,2017-04-21
2017-04-22,233.6050606453126,2017-04-22
2017-04-23,173.67711955794442,2017-04-23
2017-04-24,138.0344338097141,2017-04-24
2017-04-25,129.2368117905501,2017-04-25
2017-04-26,128.4693207531329,2017-04-26
2017-04-27,135.145160910387,2017-04-27
2017-04-28,160.92715445179468,2017-04-28
2017-04-29,181.78064413296707,2017-04-29
2017-04-30,156.76206421865828,2017-04-30
2017-05-01,130.6683270780483,2017-05-01
2017-05-02,122.94469185684548,2017-05-02
2017-05-03,118.89836820492485,2017-05-03
2017-05-04,122.05770419328104,2017-05-04
2017-05-05,133.96201804485275,2017-05-05
2017-05-06,135.21105340463103,2017-05-06
2017-05-07,122.63465285756351,2017-05-07
2017-05-08,119.49498719054166,2017-05-08
2017-05-09,118.74928944606415,2017-05-09
2017-05-10,118.74711361387662,2017-05-10
2017-05-11,122.42045160617596,2017-05-11
2017-05-12,135.2043498170501,2017-05-12
2017-05-13,137.10819143207655,2017-05-13
2017-05-14,123.36296809129874,2017-05-14
2017-05-15,118.10769503206387,2017-05-15
2017-05-16,115.98637405468523,2017-05-16
2017-05-17,116.51935803689253,2017-05-17
2017-05-18,118.46906554421196,2017-05-18
2017-05-19,127.22094485647592,2017-05-19
2017-05-20,127.82102187959035,2017-05-20
2017-05-21,118.11680526282089,2017-05-21
2017-05-22,116.07692053764426,2017-05-22
2017-05-23,115.87068155123958,2017-05-23
2017-05-24,117.24278313967693,2017-05-24
2017-05-25,120.27126245977817,2017-05-25
2017-05-26,132.59063442036032,2017-05-26
2017-05-27,134.71194853135208,2017-05-27
2017-05-28,117.83690891958531,2017-05-28
2017-05-29,114.25889216296963,2017-05-29
2017-05-30,112.95405144202249,2017-05-30
2017-05-31,112.60856669812918,2017-05-31
2017-06-01,113.01703159769181,2017-06-01
2017-06-02,120.94708318491203,2017-06-02
2017-06-03,122.80250703186479,2017-06-03
2017-06-04,116.97933813579613,2017-06-04
2017-06-05,111.93650672783082,2017-06-05
2017-06-06,110.74441622506339,2017-06-06
2017-06-07,110.3078941551282,2017-06-07
2017-06-08,110.99668492826011,2017-06-08
2017-06-09,117.46605206628479,2017-06-09
2017-06-10,117.44852487521717,2017-06-10
2017-06-11,110.26291154949726,2017-06-11
2017-06-12,109.18925102167921,2017-06-12
2017-06-13,109.75372693821166,2017-06-13
2017-06-14,110.98245484874175,2017-06-14
2017-06-15,112.24548095732527,2017-06-15
2017-06-16,118.03502697217831,2017-06-16
2017-06-17,117.61770564506702,2017-06-17
2017-06-18,109.0716671149948,2017-06-18
2017-06-19,108.41070694709184,2017-06-19
2017-06-20,108.62124942468985,2017-06-20
2017-06-21,110.27549208676965,2017-06-21
2017-06-22,117.04761608317976,2017-06-22
2017-06-23,130.85006701953407,2017-06-23
2017-06-24,133.08689480642775,2017-06-24
2017-06-25,121.92204482127812,2017-06-25
2017-06-26,121.35131880319338,2017-06-26
2017-06-27,121.81693650530181,2017-06-27
2017-06-28,125.63589162084872,2017-06-28
2017-06-29,130.36021436046434,2017-06-29
2017-06-30,137.91091381959535,2017-06-30
2017-07-01,135.73053196824225,2017-07-01
2017-07-02,125.88825801315922,2017-07-02
2017-07-03,111.55439948391202,2017-07-03
2017-07-04,107.00592356249764,2017-07-04
2017-07-05,106.4138165626885,2017-07-05
2017-07-06,108.15495701312591,2017-07-06
2017-07-07,120.57855843891232,2017-07-07
2017-07-08,120.3825436531014,2017-07-08
2017-07-09,111.99532113564331,2017-07-09
2017-07-10,109.79547444309262,2017-07-10
2017-07-11,109.77106884394043,2017-07-11
2017-07-12,110.20787670246614,2017-07-12
2017-07-13,110.10302232037074,2017-07-13
2017-07-14,115.6415115788592,2017-07-14
2017-07-15,115.53405752286574,2017-07-15
2017-07-16,109.43141663255724,2017-07-16
2017-07-17,109.23790131719267,2017-07-17
2017-07-18,109.1023235255251,2017-07-18
2017-07-19,109.01079369077607,2017-07-19
2017-07-20,109.37799958244742,2017-07-20
2017-07-21,115.13011171050769,2017-07-21
2017-07-22,115.26847848575707,2017-07-22
2017-07-23,108.96371407179194,2017-07-23
2017-07-24,108.62367877545687,2017-07-24
2017-07-25,108.655284708329,2017-07-25
2017-07-26,108.2674776987259,2017-07-26
2017-07-27,108.53721466408439,2017-07-27
2017-07-28,114.2139828573566,2017-07-28
2017-07-29,114.16035718135973,2017-07-29
2017-07-30,108.37968428987375,2017-07-30
2017-07-31,107.66354651529709,2017-07-31
2017-08-01,107.52487655393921,2017-08-01
2017-08-02,107.81906572338046,2017-08-02
2017-08-03,108.11637658408125,2017-08-03
2017-08-04,113.25887757250165,2017-08-04
2017-08-05,113.42462838099993,2017-08-05
2017-08-06,107.57214926515086,2017-08-06
2017-08-07,107.22555768437735,2017-08-07
2017-08-08,107.18929286562246,2017-08-08
2017-08-09,107.21052144797093,2017-08-09
2017-08-10,107.59193546364651,2017-08-10
2017-08-11,113.62025800488388,2017-08-11
2017-08-12,113.6730092620801,2017-08-12
2017-08-13,107.92302520917909,2017-08-13
2017-08-14,107.69459069878816,2017-08-14
2017-08-15,107.66478297111456,2017-08-15
2017-08-16,107.24322048069928,2017-08-16
2017-08-17,107.32645260834201,2017-08-17
2017-08-18,112.52542680044441,2017-08-18
2017-08-19,112.84667395137015,2017-08-19
2017-08-20,107.0771876354184,2017-08-20
2017-08-21,106.79500183455,2017-08-21
2017-08-22,106.61560849106567,2017-08-22
2017-08-23,106.59448196446127,2017-08-23
2017-08-24,106.89393070115962,2017-08-24
2017-08-25,112.79378514326018,2017-08-25
2017-08-26,112.91901244782602,2017-08-26
2017-08-27,106.96852661508073,2017-08-27
2017-08-28,106.67730752870597,2017-08-28
2017-08-29,106.7545867868726,2017-08-29
2017-08-30,106.78142690628982,2017-08-30
2017-08-31,107.1114157403245,2017-08-31
2017-09-01,113.97745898452976,2017-09-01
2017-09-02,114.6385677997495,2017-09-02
2017-09-03,108.67095658194839,2017-09-03
2017-09-04,108.43116464049763,2017-09-04
2017-09-05,108.39607805604737,2017-09-05
2017-09-06,108.30276771689319,2017-09-06
2017-09-07,109.40789914300626,2017-09-07
2017-09-08,116.42220617911188,2017-09-08
2017-09-09,116.46717707340288,2017-09-09
2017-09-10,110.956372070561,2017-09-10
2017-09-11,110.51673728314941,2017-09-11
2017-09-12,109.95476529945083,2017-09-12
2017-09-13,108.78564445199115,2017-09-13
2017-09-14,108.67274633421627,2017-09-14
2017-09-15,114.09165407553601,2017-09-15
2017-09-16,114.4385623372532,2017-09-16
2017-09-17,109.34061515439521,2017-09-17
2017-09-18,108.4591072490903,2017-09-18
2017-09-19,108.0424459169081,2017-09-19
2017-09-20,108.21504423482843,2017-09-20
2017-09-21,108.36825435100269,2017-09-21
2017-09-22,114.17230947208154,2017-09-22
2017-09-23,114.26298453123981,2017-09-23
2017-09-24,108.44651344167636,2017-09-24
2017-09-25,108.15273256015612,2017-09-25
2017-09-26,108.36477883463888,2017-09-26
2017-09-27,108.4238246045723,2017-09-27
2017-09-28,108.68973443258571,2017-09-28
2017-09-29,113.90092782810527,2017-09-29
2017-09-30,114.09974999769835,2017-09-30
2017-10-01,110.64163800412874,2017-10-01
2017-10-02,109.70939579098848,2017-10-02
2017-10-03,109.69916655177246,2017-10-03
2017-10-04,109.50126747649736,2017-10-04
2017-10-05,97.40238721915091,2017-10-05
2017-10-06,103.18613552822663,2017-10-06
2017-10-07,103.11054510392916,2017-10-07
2017-10-08,97.50088962225217,2017-10-08
2017-10-09,96.79929988567291,2017-10-09
2017-10-10,96.85684828300363,2017-10-10
2017-10-11,97.41672496927296,2017-10-11
2017-10-12,98.25296439591195,2017-10-12
2017-10-13,103.43715858325598,2017-10-13
2017-10-14,103.73489781824907,2017-10-14
2017-10-15,97.60936403244014,2017-10-15
2017-10-16,96.79058516976832,2017-10-16
2017-10-17,96.79522302028204,2017-10-17
2017-10-18,97.02594672027107,2017-10-18
2017-10-19,97.36704864544876,2017-10-19
2017-10-20,102.9740237030143,2017-10-20
2017-10-21,103.09035114910549,2017-10-21
2017-10-22,97.17682896295219,2017-10-22
2017-10-23,96.64421627249986,2017-10-23
2017-10-24,96.77796289237679,2017-10-24
2017-10-25,96.78720117769834,2017-10-25
2017-10-26,97.09727327903298,2017-10-26
2017-10-27,103.0496211438648,2017-10-27
2017-10-28,103.32076959541313,2017-10-28
2017-10-29,97.64942952159312,2017-10-29
2017-10-30,97.26968677528522,2017-10-30
2017-10-31,97.69396960954762,2017-10-31
2017-11-01,96.81081198937218,2017-11-01
2017-11-02,96.57506704437165,2017-11-02
2017-11-03,102.03156658187751,2017-11-03
2017-11-04,102.18747596246622,2017-11-04
2017-11-05,96.2798478809018,2017-11-05
2017-11-06,95.63905435775601,2017-11-06
2017-11-07,95.60444273757028,2017-11-07
2017-11-08,95.82294915184994,2017-11-08
2017-11-09,96.10819909588558,2017-11-09
2017-11-10,101.47138879893666,2017-11-10
2017-11-11,101.71668704947531,2017-11-11
2017-11-12,96.05538519648825,2017-11-12
2017-11-13,95.57801296577053,2017-11-13
2017-11-14,95.6280481720365,2017-11-14
2017-11-15,95.63250603927882,2017-11-15
2017-11-16,95.82697606417906,2017-11-16
2017-11-17,101.41300207956274,2017-11-17
2017-11-18,101.55524476212584,2017-11-18
2017-11-19,95.78198478834732,2017-11-19
2017-11-20,95.55238033910302,2017-11-20
2017-11-21,95.51470541266183,2017-11-21
2017-11-22,95.51138161704365,2017-11-22
2017-11-23,95.76495630240542,2017-11-23
2017-11-24,101.35437957481804,2017-11-24
2017-11-25,101.51981522362459,2017-11-25
2017-11-26,95.86662382293481,2017-11-26
2017-11-27,95.62121625075986,2017-11-27
2017-11-28,95.6111951358551,2017-11-28
2017-11-29,95.75265178196034,2017-11-29
2017-11-30,95.80234104499195,2017-11-30
2017-12-01,102.49067697478193,2017-12-01
2017-12-02,102.6150310579665,2017-12-02
2017-12-03,97.51886415142727,2017-12-03
2017-12-04,97.24920021581619,2017-12-04
2017-12-05,97.88581565807152,2017-12-05
2017-12-06,99.12456030084654,2017-12-06
2017-12-07,99.43640032467205,2017-12-07
2017-12-08,103.89774213176403,2017-12-08
2017-12-09,103.77574182125507,2017-12-09
2017-12-10,98.34288976118317,2017-12-10
2017-12-11,96.44193976682666,2017-12-11
2017-12-12,96.31541712529415,2017-12-12
2017-12-13,96.34683505621862,2017-12-13
2017-12-14,96.51692162797707,2017-12-14
2017-12-15,102.02502707150548,2017-12-15
2017-12-16,102.05882043789964,2017-12-16
2017-12-17,96.66748818053682,2017-12-17
2017-12-18,96.77456248840969,2017-12-18
2017-12-19,96.89549702810388,2017-12-19
2017-12-20,96.84249391482477,2017-12-20
2017-12-21,97.23741822966772,2017-12-21
2017-12-22,105.17216435951715,2017-12-22
2017-12-23,105.90952207368984,2017-12-23
2017-12-24,102.67360276776509,2017-12-24
2017-12-25,102.11755630354038,2017-12-25
2017-12-26,101.06114943240922,2017-12-26
2017-12-27,101.00340616127345,2017-12-27
2017-12-28,101.7779404965415,2017-12-28
2017-12-29,107.70641700196016,2017-12-29
2017-12-30,109.03646933823882,2017-12-30
2017-12-31,113.1238584367479,2017-12-31
2018-01-01,108.74207678963663,2018-01-01
2018-01-02,106.0542742279737,2018-01-02
2018-01-03,104.73836802854632,2018-01-03
2018-01-04,104.54483248965818,2018-01-04
2018-01-05,109.46492176045999,2018-01-05
2018-01-06,109.29441347239037,2018-01-06
2018-01-07,104.16311197863394,2018-01-07
2018-01-08,101.78919834928647,2018-01-08
2018-01-09,101.58725552917218,2018-01-09
2018-01-10,101.46897203983245,2018-01-10
2018-01-11,101.5596799915802,2018-01-11
2018-01-12,106.4073354553797,2018-01-12
2018-01-13,106.01457657218769,2018-01-13
2018-01-14,101.69964069039861,2018-01-14
2018-01-15,101.26715357197395,2018-01-15
2018-01-16,101.09476864932743,2018-01-16
2018-01-17,133.6688155157145,2018-01-17
2018-01-18,123.73857219787442,2018-01-18
2018-01-19,140.071247284374,2018-01-19
2018-01-20,139.96180463749332,2018-01-20
2018-01-21,113.72782207889587,2018-01-21
2018-01-22,109.36109055448118,2018-01-22
2018-01-23,108.81127436912088,2018-01-23
2018-01-24,108.9689126842838,2018-01-24
2018-01-25,110.75202043864435,2018-01-25
2018-01-26,122.78221484955831,2018-01-26
2018-01-27,123.7320296576724,2018-01-27
2018-01-28,109.98958326743822,2018-01-28
2018-01-29,107.60721847508357,2018-01-29
2018-01-30,107.38134359187929,2018-01-30
2018-01-31,106.9743778594692,2018-01-31
2018-02-01,106.64688672188039,2018-02-01
2018-02-02,117.0081088429613,2018-02-02
2018-02-03,118.53397367239573,2018-02-03
2018-02-04,106.87457976802972,2018-02-04
2018-02-05,105.49525741373378,2018-02-05
2018-02-06,104.70563231561731,2018-02-06
2018-02-07,104.81439839752522,2018-02-07
2018-02-08,105.62020689424357,2018-02-08
2018-02-09,114.62665612226179,2018-02-09
2018-02-10,115.6959209591442,2018-02-10
2018-02-11,106.48046117172312,2018-02-11
2018-02-12,105.8417748882087,2018-02-12
2018-02-13,105.73754755451661,2018-02-13
2018-02-14,106.80737673128802,2018-02-14
2018-02-15,106.82290916009806,2018-02-15
2018-02-16,114.31340863221483,2018-02-16
2018-02-17,114.22176645261379,2018-02-17
2018-02-18,105.29633103875226,2018-02-18
2018-02-19,104.24569783059566,2018-02-19
2018-02-20,104.11597752962689,2018-02-20
2018-02-21,104.53710551963654,2018-02-21
2018-02-22,105.48686544915874,2018-02-22
2018-02-23,113.68932594981398,2018-02-23
2018-02-24,114.16163370731357,2018-02-24
2018-02-25,105.4081433566596,2018-02-25
2018-02-26,104.23367143286407,2018-02-26
2018-02-27,103.64924138899941,2018-02-27
2018-02-28,103.50521616895605,2018-02-28
2018-03-01,104.64956525838882,2018-03-01
2018-03-02,111.85285700651711,2018-03-02
2018-03-03,111.68572385088936,2018-03-03
2018-03-04,104.17784067030304,2018-03-04
2018-03-05,102.92129133325416,2018-03-05
2018-03-06,116.58342009494157,2018-03-06
2018-03-07,116.60317599026155,2018-03-07
2018-03-08,117.31294902369982,2018-03-08
2018-03-09,125.16208109807451,2018-03-09
2018-03-10,125.21804473841237,2018-03-10
2018-03-11,117.07744733227332,2018-03-11
2018-03-12,116.48213151786285,2018-03-12
2018-03-13,116.32269037015047,2018-03-13
2018-03-14,116.38374889903454,2018-03-14
2018-03-15,117.16080249406647,2018-03-15
2018-03-16,125.5317393663259,2018-03-16
2018-03-17,125.87000783108942,2018-03-17
2018-03-18,117.68612897628371,2018-03-18
2018-03-19,116.90718523214065,2018-03-19
2018-03-20,116.67506306762654,2018-03-20
2018-03-21,116.60394862310328,2018-03-21
2018-03-22,117.10737957029008,2018-03-22
2018-03-23,125.68168981371508,2018-03-23
2018-03-24,125.95401265925798,2018-03-24
2018-03-25,119.92223706152114,2018-03-25
2018-03-26,120.02382399464709,2018-03-26
2018-03-27,120.404886787523,2018-03-27
2018-03-28,121.58597637778766,2018-03-28
2018-03-29,124.23431022072133,2018-03-29
2018-03-30,130.26725953157631,2018-03-30
2018-03-31,130.12108282200748,2018-03-31
2018-04-01,120.95994101828938,2018-04-01
2018-04-02,116.67341362995055,2018-04-02
2018-04-03,116.1126609679765,2018-04-03
2018-04-04,116.18889302779043,2018-04-04
2018-04-05,115.97523029418224,2018-04-05
2018-04-06,121.40930402571357,2018-04-06
2018-04-07,112.52022289897903,2018-04-07
2018-04-08,116.52107925801012,2018-04-08
2018-04-09,115.8853893263342,2018-04-09
2018-04-10,115.43914680050187,2018-04-10
2018-04-11,115.43783158097808,2018-04-11
2018-04-12,103.24323323783302,2018-04-12
2018-04-13,117.22381389112054,2018-04-13
2018-04-14,116.5673565810616,2018-04-14
2018-04-15,101.81353499769726,2018-04-15
2018-04-16,100.23942592326657,2018-04-16
2018-04-17,105.6301049006337,2018-04-17
2018-04-18,106.4452482359849,2018-04-18
2018-04-19,109.00533404712908,2018-04-19
2018-04-20,139.74190769703551,2018-04-20
2018-04-21,167.67980861881102,2018-04-21
2018-04-22,112.17068587734718,2018-04-22
2018-04-23,106.24199991104923,2018-04-23
2018-04-24,105.67121440289745,2018-04-24
2018-04-25,104.86438721229479,2018-04-25
2018-04-26,105.68517889247721,2018-04-26
2018-04-27,121.09685193738221,2018-04-27
2018-04-28,121.63187413630592,2018-04-28
2018-04-29,113.30040043157138,2018-04-29
2018-04-30,111.6933432276958,2018-04-30
2018-05-01,111.13587840133142,2018-05-01
2018-05-02,107.9204063429936,2018-05-02
2018-05-03,107.03210387098478,2018-05-03
2018-05-04,118.04276636931363,2018-05-04
2018-05-05,117.3126884518591,2018-05-05
2018-05-06,105.40545057854865,2018-05-06
2018-05-07,105.6691955438858,2018-05-07
2018-05-08,105.83720027207681,2018-05-08
2018-05-09,105.66373978303523,2018-05-09
2018-05-10,105.6788800320312,2018-05-10
2018-05-11,116.37770488741268,2018-05-11
2018-05-12,117.2406028578466,2018-05-12
2018-05-13,107.05684833681195,2018-05-13
2018-05-14,101.51951777399002,2018-05-14
2018-05-15,100.09945104950246,2018-05-15
2018-05-16,99.41090499967709,2018-05-16
2018-05-17,100.88064267948191,2018-05-17
2018-05-18,114.54578416659518,2018-05-18
2018-05-19,114.99289604765295,2018-05-19
2018-05-20,100.52988946734372,2018-05-20
2018-05-21,99.50088634355625,2018-05-21
2018-05-22,99.34787101181315,2018-05-22
2018-05-23,99.66637323111367,2018-05-23
2018-05-24,100.38189947806472,2018-05-24
2018-05-25,113.37267721985147,2018-05-25
2018-05-26,113.37180801571039,2018-05-26
2018-05-27,98.52436396041172,2018-05-27
2018-05-28,97.09133830737555,2018-05-28
2018-05-29,97.05990932346221,2018-05-29
2018-05-30,97.61851912921225,2018-05-30
2018-05-31,97.55146624489034,2018-05-31
2018-06-01,108.48470334812271,2018-06-01
2018-06-02,108.69563450021082,2018-06-02
2018-06-03,98.16595117414494,2018-06-03
2018-06-04,97.6616917895913,2018-06-04
2018-06-05,97.38924850620772,2018-06-05
2018-06-06,97.06093009256192,2018-06-06
2018-06-07,97.558719309366,2018-06-07
2018-06-08,108.29477422069016,2018-06-08
2018-06-09,108.48628857069941,2018-06-09
2018-06-10,97.62218193320251,2018-06-10
2018-06-11,96.74521710124223,2018-06-11
2018-06-12,96.7635192136063,2018-06-12
2018-06-13,96.88422853106816,2018-06-13
2018-06-14,97.43174298103065,2018-06-14
2018-06-15,108.15371544736576,2018-06-15
2018-06-16,107.56315903738027,2018-06-16
2018-06-17,96.51946073650156,2018-06-17
2018-06-18,95.99297876114524,2018-06-18
2018-06-19,95.9768888600385,2018-06-19
2018-06-20,96.17649554899891,2018-06-20
2018-06-21,97.03953456203597,2018-06-21
2018-06-22,109.43035716731997,2018-06-22
2018-06-23,109.78074105462282,2018-06-23
2018-06-24,97.90757495162637,2018-06-24
2018-06-25,97.81330658247771,2018-06-25
2018-06-26,98.77409713205704,2018-06-26
2018-06-27,104.33727450229235,2018-06-27
2018-06-28,110.4985248812789,2018-06-28
2018-06-29,122.61842095808315,2018-06-29
2018-06-30,122.62250433578254,2018-06-30
2018-07-01,108.43015404826276,2018-07-01
2018-07-02,104.15177920254025,2018-07-02
2018-07-03,103.6843754768209,2018-07-03
2018-07-04,106.75554038899115,2018-07-04
2018-07-05,109.8692576736672,2018-07-05
2018-07-06,120.75225211606848,2018-07-06
2018-07-07,122.28705636756655,2018-07-07
2018-07-08,107.74937722543154,2018-07-08
2018-07-09,96.1387712351302,2018-07-09
2018-07-10,91.34117181658645,2018-07-10
2018-07-11,93.20605467664139,2018-07-11
2018-07-12,95.08957858969126,2018-07-12
2018-07-13,103.66824262108807,2018-07-13
2018-07-14,104.51292979502529,2018-07-14
2018-07-15,91.51283315337817,2018-07-15
2018-07-16,90.60373795247865,2018-07-16
2018-07-17,90.9828108210687,2018-07-17
2018-07-18,90.58220679320267,2018-07-18
2018-07-19,91.01137550862573,2018-07-19
2018-07-20,101.14957738525463,2018-07-20
2018-07-21,100.8616872842809,2018-07-21
2018-07-22,91.17142866215306,2018-07-22
2018-07-23,90.41606991874312,2018-07-23
2018-07-24,90.14250694215738,2018-07-24
2018-07-25,90.19548769675448,2018-07-25
2018-07-26,90.33121977761084,2018-07-26
2018-07-27,99.68844101820589,2018-07-27
2018-07-28,100.1285635821311,2018-07-28
2018-07-29,90.72890034724624,2018-07-29
2018-07-30,90.32644522471205,2018-07-30
2018-07-31,90.31409689539277,2018-07-31
2018-08-01,90.08119529671515,2018-08-01
2018-08-02,90.22563625859613,2018-08-02
2018-08-03,99.45672384391531,2018-08-03
2018-08-04,99.97464503454886,2018-08-04
2018-08-05,90.79428724266279,2018-08-05
2018-08-06,89.91175482350116,2018-08-06
2018-08-07,89.85055219431673,2018-08-07
2018-08-08,89.88095210847642,2018-08-08
2018-08-09,90.47997878992828,2018-08-09
2018-08-10,99.73477809769498,2018-08-10
2018-08-11,100.11626010231075,2018-08-11
2018-08-12,92.00066951901262,2018-08-12
2018-08-13,91.53385320989969,2018-08-13
2018-08-14,88.11184771260825,2018-08-14
2018-08-15,88.64730901369043,2018-08-15
2018-08-16,88.47952453558041,2018-08-16
2018-08-17,96.76067100939069,2018-08-17
2018-08-18,96.97129761978633,2018-08-18
2018-08-19,88.32286499112647,2018-08-19
2018-08-20,87.70291127730407,2018-08-20
2018-08-21,87.60927004959254,2018-08-21
2018-08-22,87.5076012968022,2018-08-22
2018-08-23,87.9560532592624,2018-08-23
2018-08-24,96.59271557445166,2018-08-24
2018-08-25,96.92894939937273,2018-08-25
2018-08-26,88.2446399079129,2018-08-26
2018-08-27,87.94234406607652,2018-08-27
2018-08-28,88.11506433805546,2018-08-28
2018-08-29,88.51843730085095,2018-08-29
2018-08-30,88.8463713755063,2018-08-30
2018-08-31,98.13325151999689,2018-08-31
2018-09-01,111.41621252740245,2018-09-01
2018-09-02,95.14994021913591,2018-09-02
2018-09-03,94.97167164603457,2018-09-03
2018-09-04,94.81653460155505,2018-09-04
2018-09-05,94.99261501605378,2018-09-05
2018-09-06,95.25855377443553,2018-09-06
2018-09-07,105.53762420135604,2018-09-07
2018-09-08,112.83751119258606,2018-09-08
2018-09-09,95.94018535144127,2018-09-09
2018-09-10,94.96051379418464,2018-09-10
2018-09-11,94.76026653830392,2018-09-11
2018-09-12,95.14697251967169,2018-09-12
2018-09-13,95.52049795101554,2018-09-13
2018-09-14,106.46083293273462,2018-09-14
2018-09-15,112.35984079918747,2018-09-15
2018-09-16,94.40402838576237,2018-09-16
2018-09-17,94.16927727437064,2018-09-17
2018-09-18,94.26797912752723,2018-09-18
2018-09-19,94.83310941080418,2018-09-19
2018-09-20,96.35092956382174,2018-09-20
2018-09-21,105.60733537154692,2018-09-21
2018-09-22,112.35122141697065,2018-09-22
2018-09-23,95.05355395470485,2018-09-23
2018-09-24,94.15644612565579,2018-09-24
2018-09-25,94.12652617726475,2018-09-25
2018-09-26,94.31750417376583,2018-09-26
2018-09-27,94.65373620057481,2018-09-27
2018-09-28,103.94201458502687,2018-09-28
2018-09-29,110.4322887769735,2018-09-29
2018-09-30,94.2025823253572,2018-09-30
2018-10-01,93.9544351235275,2018-10-01
2018-10-02,94.10553460602851,2018-10-02
2018-10-03,94.26938150153438,2018-10-03
2018-10-04,94.75655683293871,2018-10-04
2018-10-05,105.43996539176878,2018-10-05
2018-10-06,111.21231069429433,2018-10-06
2018-10-07,95.30930946055484,2018-10-07
2018-10-08,96.11993221241475,2018-10-08
2018-10-09,96.79896306115808,2018-10-09
2018-10-10,101.07966941810592,2018-10-10
2018-10-11,105.33276801860197,2018-10-11
2018-10-12,122.75716644522365,2018-10-12
2018-10-13,124.00434917813651,2018-10-13
2018-10-14,98.50928179612596,2018-10-14
2018-10-15,95.435055868935,2018-10-15
2018-10-16,95.32209572719471,2018-10-16
2018-10-17,95.89709839859822,2018-10-17
2018-10-18,97.19521134007596,2018-10-18
2018-10-19,110.97025331059785,2018-10-19
2018-10-20,116.8403077949183,2018-10-20
2018-10-21,96.41150495098869,2018-10-21
2018-10-22,95.20125899647358,2018-10-22
2018-10-23,97.04164542155907,2018-10-23
2018-10-24,97.70366957087627,2018-10-24
2018-10-25,98.24162043120484,2018-10-25
2018-10-26,107.44005452482132,2018-10-26
2018-10-27,113.02453273959951,2018-10-27
2018-10-28,95.804195070837,2018-10-28
2018-10-29,94.26219031930589,2018-10-29
2018-10-30,94.65334924529621,2018-10-30
2018-10-31,96.63469602015628,2018-10-31
2018-11-01,97.8664964145789,2018-11-01
2018-11-02,105.99354915298943,2018-11-02
2018-11-03,111.72298588035586,2018-11-03
2018-11-04,93.85973857481108,2018-11-04
2018-11-05,91.50257761332581,2018-11-05
2018-11-06,91.58050163139205,2018-11-06
2018-11-07,90.7069386221409,2018-11-07
2018-11-08,91.84632106987117,2018-11-08
2018-11-09,103.84832191204356,2018-11-09
2018-11-10,108.85643803644824,2018-11-10
2018-11-11,91.95832476952239,2018-11-11
2018-11-12,90.85091347464423,2018-11-12
2018-11-13,91.06682043665577,2018-11-13
2018-11-14,91.13954579803203,2018-11-14
2018-11-15,92.05807017715387,2018-11-15
2018-11-16,103.81288882253291,2018-11-16
2018-11-17,109.0094638432386,2018-11-17
2018-11-18,91.5623321055187,2018-11-18
2018-11-19,90.38455746913027,2018-11-19
2018-11-20,90.27883600807317,2018-11-20
2018-11-21,90.40310952994014,2018-11-21
2018-11-22,91.01676759342469,2018-11-22
2018-11-23,101.8881907724876,2018-11-23
2018-11-24,107.6216387735197,2018-11-24
2018-11-25,91.63605672775567,2018-11-25
2018-11-26,90.75481719206977,2018-11-26
2018-11-27,90.83637500639298,2018-11-27
2018-11-28,91.06057197803216,2018-11-28
2018-11-29,91.58516796019344,2018-11-29
2018-11-30,102.86051246086437,2018-11-30
2018-12-01,108.55167522229458,2018-12-01
2018-12-02,93.55672180192884,2018-12-02
2018-12-03,93.01787702724735,2018-12-03
2018-12-04,93.97058161469803,2018-12-04
2018-12-05,98.86622943422894,2018-12-05
2018-12-06,106.87698799655571,2018-12-06
2018-12-07,114.56332615069373,2018-12-07
2018-12-08,119.37452247974124,2018-12-08
2018-12-09,99.05713496514488,2018-12-09
2018-12-10,92.40559727448297,2018-12-10
2018-12-11,91.54274106870679,2018-12-11
2018-12-12,91.54522140381033,2018-12-12
2018-12-13,92.33031412163682,2018-12-13
2018-12-14,104.35714736650722,2018-12-14
2018-12-15,109.11573747984013,2018-12-15
2018-12-16,92.39363576412204,2018-12-16
2018-12-17,91.57536426098459,2018-12-17
2018-12-18,91.61589939359656,2018-12-18
2018-12-19,91.55779763714703,2018-12-19
2018-12-20,93.05943002654749,2018-12-20
2018-12-21,107.83385473941841,2018-12-21
2018-12-22,112.59913812527563,2018-12-22
2018-12-23,101.81754896308733,2018-12-23
2018-12-24,105.48856306382882,2018-12-24
2018-12-25,104.7259371802084,2018-12-25
2018-12-26,102.95747997255481,2018-12-26
2018-12-27,105.46719569614646,2018-12-27
2018-12-28,118.98630818630903,2018-12-28
2018-12-29,126.80831060606432,2018-12-29
2018-12-30,120.85607088624513,2018-12-30
2018-12-31,129.26832835069482,2018-12-31
2019-01-01,113.60199572378059,2019-01-01
2019-01-02,103.70205250567398,2019-01-02
2019-01-03,99.1412263285003,2019-01-03
2019-01-04,106.68961997994286,2019-01-04
2019-01-05,107.55689711829166,2019-01-05
2019-01-06,99.221906257963,2019-01-06
2019-01-07,95.04101847757994,2019-01-07
2019-01-08,93.91869109221733,2019-01-08
2019-01-09,93.20421483589853,2019-01-09
2019-01-10,93.4194979510071,2019-01-10
2019-01-11,102.64887914439446,2019-01-11
2019-01-12,111.79431751008079,2019-01-12
2019-01-13,93.6640514362718,2019-01-13
2019-01-14,92.03341417873231,2019-01-14
2019-01-15,91.99454695258348,2019-01-15
2019-01-16,92.06724840210175,2019-01-16
2019-01-17,88.86867892890967,2019-01-17
2019-01-18,98.67498622577992,2019-01-18
2019-01-19,108.18815900376146,2019-01-19
2019-01-20,89.3811244341992,2019-01-20
2019-01-21,88.71663346832486,2019-01-21
2019-01-22,89.39180726204296,2019-01-22
2019-01-23,90.41384315753973,2019-01-23
2019-01-24,91.12738541508068,2019-01-24
2019-01-25,100.85422766450544,2019-01-25
2019-01-26,110.00021836679586,2019-01-26
2019-01-27,90.66540242087542,2019-01-27
2019-01-28,89.09875277645637,2019-01-28
2019-01-29,88.84403040584886,2019-01-29
2019-01-30,88.95805338266639,2019-01-30
2019-01-31,89.3732996739072,2019-01-31
2019-02-01,100.06250819965487,2019-02-01
2019-02-02,109.11194481027016,2019-02-02
2019-02-03,90.75044251534473,2019-02-03
2019-02-04,90.13794683250106,2019-02-04
2019-02-05,90.87136928489473,2019-02-05
2019-02-06,89.50646103262454,2019-02-06
2019-02-07,89.99182469466487,2019-02-07
2019-02-08,99.40712930640798,2019-02-08
2019-02-09,108.02644989520324,2019-02-09
2019-02-10,90.02226340761374,2019-02-10
2019-02-11,89.17934088539118,2019-02-11
2019-02-12,89.33783612762738,2019-02-12
2019-02-13,89.54184759968253,2019-02-13
2019-02-14,91.25225199009728,2019-02-14
2019-02-15,100.3688389929813,2019-02-15
2019-02-16,109.81625836969434,2019-02-16
2019-02-17,90.9348489230953,2019-02-17
2019-02-18,89.88954954282988,2019-02-18
2019-02-19,89.61944295775949,2019-02-19
2019-02-20,90.00590580372372,2019-02-20
2019-02-21,90.20089599664578,2019-02-21
2019-02-22,99.72209750856516,2019-02-22
2019-02-23,108.88414061411171,2019-02-23
2019-02-24,90.20776630638758,2019-02-24
2019-02-25,89.47057771970877,2019-02-25
2019-02-26,89.4719567709613,2019-02-26
2019-02-27,89.82216937553744,2019-02-27
2019-02-28,90.37106274672165,2019-02-28
2019-03-01,104.53611743370121,2019-03-01
2019-03-02,121.27863897904379,2019-03-02
2019-03-03,95.5385244594491,2019-03-03
2019-03-04,93.859213414778,2019-03-04
2019-03-05,93.82768256977275,2019-03-05
2019-03-06,93.48983546579248,2019-03-06
2019-03-07,94.01704790495003,2019-03-07
2019-03-08,102.66083618231983,2019-03-08
2019-03-09,117.41659469425295,2019-03-09
2019-03-10,92.36540104957868,2019-03-10
2019-03-11,91.55986146305976,2019-03-11
2019-03-12,91.76948674759667,2019-03-12
2019-03-13,91.88420982826136,2019-03-13
2019-03-14,92.4166423656843,2019-03-14
2019-03-15,102.37046214712922,2019-03-15
2019-03-16,118.98250366850765,2019-03-16
2019-03-17,93.00491058072473,2019-03-17
2019-03-18,92.3620830698787,2019-03-18
2019-03-19,92.43955558511372,2019-03-19
2019-03-20,92.47503368608744,2019-03-20
2019-03-21,93.46523626048547,2019-03-21
2019-03-22,103.37782328812278,2019-03-22
2019-03-23,119.07846752368822,2019-03-23
2019-03-24,92.97885909898302,2019-03-24
2019-03-25,92.40593063073158,2019-03-25
2019-03-26,92.45188681408395,2019-03-26
2019-03-27,92.58536797570231,2019-03-27
2019-03-28,93.17552008221169,2019-03-28
2019-03-29,103.23689827582892,2019-03-29
2019-03-30,119.05996366513654,2019-03-30
2019-03-31,93.31724112610168,2019-03-31
2019-04-01,93.92775969542654,2019-04-01
2019-04-02,93.9005435727604,2019-04-02
2019-04-03,94.13106082675633,2019-04-03
2019-04-04,94.65588750242242,2019-04-04
2019-04-05,104.32329843778847,2019-04-05
2019-04-06,109.7818162067774,2019-04-06
2019-04-07,94.75299264058243,2019-04-07
2019-04-08,93.56468493753844,2019-04-08
2019-04-09,93.7884016209861,2019-04-09
2019-04-10,93.38572058151858,2019-04-10
2019-04-11,93.10918666783193,2019-04-11
2019-04-12,103.1250568537932,2019-04-12
2019-04-13,110.84729795303596,2019-04-13
2019-04-14,96.98763402909937,2019-04-14
2019-04-15,96.85995510276075,2019-04-15
2019-04-16,96.82898764632314,2019-04-16
2019-04-17,99.80625533383376,2019-04-17
2019-04-18,104.04584970051401,2019-04-18
2019-04-19,113.02567346266693,2019-04-19
2019-04-20,118.35331175159178,2019-04-20
2019-04-21,99.47301292077805,2019-04-21
2019-04-22,95.38415091125881,2019-04-22
2019-04-23,94.96103516065573,2019-04-23
2019-04-24,95.1945577917973,2019-04-24
2019-04-25,96.06782974203469,2019-04-25
2019-04-26,107.49552347060613,2019-04-26
2019-04-27,113.33289568446453,2019-04-27
2019-04-28,97.20766173119951,2019-04-28
2019-04-29,95.27113793167227,2019-04-29
2019-04-30,95.81663740783233,2019-04-30
2019-05-01,97.92639616424134,2019-05-01
2019-05-02,98.06196861464551,2019-05-02
2019-05-03,111.20262969900064,2019-05-03
2019-05-04,114.7463763323583,2019-05-04
2019-05-05,96.95119566937116,2019-05-05
2019-05-06,96.49669473902236,2019-05-06
2019-05-07,96.44042731610533,2019-05-07
2019-05-08,96.65763771016027,2019-05-08
2019-05-09,97.19713672120407,2019-05-09
2019-05-10,107.85681838178289,2019-05-10
2019-05-11,113.42084160017033,2019-05-11
2019-05-12,97.04481282023899,2019-05-12
2019-05-13,94.5278919777783,2019-05-13
2019-05-14,94.78126480012106,2019-05-14
2019-05-15,96.94870699215186,2019-05-15
2019-05-16,97.36857837288653,2019-05-16
2019-05-17,108.14560991247305,2019-05-17
2019-05-18,108.83885193223914,2019-05-18
2019-05-19,97.0902501096257,2019-05-19
2019-05-20,96.49489128491933,2019-05-20
2019-05-21,96.75412851934534,2019-05-21
2019-05-22,96.98325066787017,2019-05-22
2019-05-23,97.68257036795785,2019-05-23
2019-05-24,108.59190992695015,2019-05-24
2019-05-25,109.5121125983985,2019-05-25
2019-05-26,98.11476825182227,2019-05-26
2019-05-27,98.90790744909873,2019-05-27
2019-05-28,100.31819875092546,2019-05-28
2019-05-29,107.28420539710743,2019-05-29
2019-05-30,118.17992619538603,2019-05-30
2019-05-31,175.99621153764878,2019-05-31
2019-06-01,184.04217171414388,2019-06-01
2019-06-02,132.4131094961806,2019-06-02
2019-06-03,107.07844389069209,2019-06-03
2019-06-04,104.74986044111756,2019-06-04
2019-06-05,104.46654877639986,2019-06-05
2019-06-06,104.90410673487158,2019-06-06
2019-06-07,118.33412661602246,2019-06-07
2019-06-08,118.84104649901168,2019-06-08
2019-06-09,106.4572053869813,2019-06-09
2019-06-10,105.75486466919183,2019-06-10
2019-06-11,106.79191038414426,2019-06-11
2019-06-12,107.46865606581673,2019-06-12
2019-06-13,108.16952546417552,2019-06-13
2019-06-14,119.105118579933,2019-06-14
2019-06-15,119.52424923052945,2019-06-15
2019-06-16,106.81105687702946,2019-06-16
2019-06-17,106.2437293904464,2019-06-17
2019-06-18,105.91577184962948,2019-06-18
2019-06-19,106.06995469955383,2019-06-19
2019-06-20,106.87058099228416,2019-06-20
2019-06-21,117.39510476398227,2019-06-21
2019-06-22,118.30864977943561,2019-06-22
2019-06-23,106.90681519972078,2019-06-23
2019-06-24,106.35807852955627,2019-06-24
2019-06-25,106.44080266783796,2019-06-25
2019-06-26,107.06857572456808,2019-06-26
2019-06-27,108.7328985411591,2019-06-27
2019-06-28,120.52826156073947,2019-06-28
2019-06-29,121.48014719827707,2019-06-29
2019-06-30,110.0251498518521,2019-06-30
2019-07-01,110.89086121295963,2019-07-01
2019-07-02,111.4077085304109,2019-07-02
2019-07-03,114.42080895948077,2019-07-03
2019-07-04,118.24601495396713,2019-07-04
2019-07-05,129.08745231513976,2019-07-05
2019-07-06,136.56309786460992,2019-07-06
2019-07-07,116.80818356903474,2019-07-07
2019-07-08,109.042739864346,2019-07-08
2019-07-09,107.15022750276296,2019-07-09
2019-07-10,107.78403904136066,2019-07-10
2019-07-11,111.87603365256037,2019-07-11
2019-07-12,121.70223545888972,2019-07-12
2019-07-13,125.66879519274154,2019-07-13
2019-07-14,110.46122408660358,2019-07-14
2019-07-15,108.4484977000822,2019-07-15
2019-07-16,108.49342072319558,2019-07-16
2019-07-17,108.7056968942383,2019-07-17
2019-07-18,110.70248644420116,2019-07-18
2019-07-19,119.73011134771308,2019-07-19
2019-07-20,123.24787431979343,2019-07-20
2019-07-21,109.00062042590787,2019-07-21
2019-07-22,108.57360179036725,2019-07-22
2019-07-23,108.5722255440777,2019-07-23
2019-07-24,108.6571600383428,2019-07-24
2019-07-25,109.0752512008753,2019-07-25
2019-07-26,118.9550132820158,2019-07-26
2019-07-27,122.36368661328937,2019-07-27
2019-07-28,110.97856764364741,2019-07-28
2019-07-29,110.54268100453355,2019-07-29
2019-07-30,110.58352238239034,2019-07-30
2019-07-31,110.69455459418809,2019-07-31
2019-08-01,110.93104698923354,2019-08-01
2019-08-02,120.19907311790548,2019-08-02
2019-08-03,123.73273612969973,2019-08-03
2019-08-04,111.13737265531171,2019-08-04
2019-08-05,111.25190126081917,2019-08-05
2019-08-06,111.22608892824901,2019-08-06
2019-08-07,111.28781079784363,2019-08-07
2019-08-08,111.58839335064276,2019-08-08
2019-08-09,120.83054721908188,2019-08-09
2019-08-10,124.28474056927651,2019-08-10
2019-08-11,111.66755854426901,2019-08-11
2019-08-12,111.75280738272046,2019-08-12
2019-08-13,113.8579471152947,2019-08-13
2019-08-14,112.84115043612293,2019-08-14
2019-08-15,113.8109731778805,2019-08-15
2019-08-16,122.69895976829473,2019-08-16
2019-08-17,123.22491619948937,2019-08-17
2019-08-18,113.08038721944126,2019-08-18
2019-08-19,112.5423198137554,2019-08-19
2019-08-20,112.59227072445076,2019-08-20
2019-08-21,112.68955080864244,2019-08-21
2019-08-22,113.04882839584313,2019-08-22
2019-08-23,124.87832317831862,2019-08-23
2019-08-24,125.86886022110053,2019-08-24
2019-08-25,115.70086752188887,2019-08-25
2019-08-26,115.28185519881356,2019-08-26
2019-08-27,115.1739523580092,2019-08-27
2019-08-28,115.46791275572512,2019-08-28
2019-08-29,115.81605145009904,2019-08-29
2019-08-30,125.38449496581796,2019-08-30
2019-08-31,126.49282880933599,2019-08-31
2019-09-01,124.30370333797272,2019-09-01
2019-09-02,124.46012857333825,2019-09-02
2019-09-03,124.72927565914875,2019-09-03
2019-09-04,124.4487124151038,2019-09-04
2019-09-05,125.20643666467294,2019-09-05
2019-09-06,136.33092423868203,2019-09-06
2019-09-07,137.30370371129683,2019-09-07
2019-09-08,125.4333500578636,2019-09-08
2019-09-09,125.1337181073787,2019-09-09
2019-09-10,123.5784836757512,2019-09-10
2019-09-11,121.60326686392351,2019-09-11
2019-09-12,122.64843368701136,2019-09-12
2019-09-13,138.82364143193217,2019-09-13
2019-09-14,139.33818145270882,2019-09-14
2019-09-15,127.91068616272314,2019-09-15
2019-09-16,127.36608871429165,2019-09-16
2019-09-17,127.66882527373086,2019-09-17
2019-09-18,127.89346649247031,2019-09-18
2019-09-19,128.17035994275088,2019-09-19
2019-09-20,138.60062523377948,2019-09-20
2019-09-21,139.02821414173005,2019-09-21
2019-09-22,127.46096345377417,2019-09-22
2019-09-23,127.01404774770924,2019-09-23
2019-09-24,127.19342965473102,2019-09-24
2019-09-25,127.72906346144072,2019-09-25
2019-09-26,129.76334151327072,2019-09-26
2019-09-27,142.16799822059326,2019-09-27
2019-09-28,144.30873734187054,2019-09-28
2019-09-29,131.8696672418495,2019-09-29
2019-09-30,131.0434658093481,2019-09-30
2019-10-01,130.1793219448368,2019-10-01
2019-10-02,129.56735096898836,2019-10-02
2019-10-03,129.16353736687196,2019-10-03
2019-10-04,139.6790860182494,2019-10-04
2019-10-05,140.163538989644,2019-10-05
2019-10-06,128.51724246490693,2019-10-06
2019-10-07,128.05631337599596,2019-10-07
2019-10-08,129.58472440359657,2019-10-08
2019-10-09,130.9224741379725,2019-10-09
2019-10-10,129.7009714851331,2019-10-10
2019-10-11,141.3239822726315,2019-10-11
2019-10-12,144.2481492538868,2019-10-12
2019-10-13,130.4131136971165,2019-10-13
2019-10-14,129.0785818786297,2019-10-14
2019-10-15,129.35525305264903,2019-10-15
2019-10-16,129.09726884670735,2019-10-16
2019-10-17,129.88414028044178,2019-10-17
2019-10-18,140.5049722353547,2019-10-18
2019-10-19,141.1183824879671,2019-10-19
2019-10-20,129.65325434641557,2019-10-20
2019-10-21,130.11167820270822,2019-10-21
2019-10-22,131.6872173820312,2019-10-22
2019-10-23,132.0835706053066,2019-10-23
2019-10-24,132.10197339795727,2019-10-24
2019-10-25,141.45731991655606,2019-10-25
2019-10-26,141.34773783577282,2019-10-26
2019-10-27,128.9860739748697,2019-10-27
2019-10-28,128.4652219502445,2019-10-28
2019-10-29,128.49431955625917,2019-10-29
2019-10-30,128.69409421410506,2019-10-30
2019-10-31,131.3345799243959,2019-10-31
2019-11-01,147.96194597240265,2019-11-01
2019-11-02,148.09246708143198,2019-11-02
2019-11-03,134.16222568420687,2019-11-03
2019-11-04,132.45822756238215,2019-11-04
2019-11-05,133.1421731770795,2019-11-05
2019-11-06,133.36492624423752,2019-11-06
2019-11-07,122.55993280915239,2019-11-07
2019-11-08,132.82885396850529,2019-11-08
2019-11-09,135.60743574075323,2019-11-09
2019-11-10,124.53798007249686,2019-11-10
2019-11-11,123.8787909927501,2019-11-11
2019-11-12,123.9887897501762,2019-11-12
2019-11-13,124.4606732003399,2019-11-13
2019-11-14,124.95565088297631,2019-11-14
2019-11-15,134.95347280889777,2019-11-15
2019-11-16,135.44357903326497,2019-11-16
2019-11-17,125.02567973359396,2019-11-17
2019-11-18,125.62273293531103,2019-11-18
2019-11-19,125.60867757077436,2019-11-19
2019-11-20,125.79361058338257,2019-11-20
2019-11-21,126.56597699343597,2019-11-21
2019-11-22,136.9791895291686,2019-11-22
2019-11-23,137.62323506654502,2019-11-23
2019-11-24,126.64992803122055,2019-11-24
2019-11-25,124.93277945897042,2019-11-25
2019-11-26,124.88015620403424,2019-11-26
2019-11-27,124.80577335065651,2019-11-27
2019-11-28,125.47868701345311,2019-11-28
2019-11-29,135.331162770848,2019-11-29
2019-11-30,135.96994813616263,2019-11-30
2019-12-01,128.08932499206858,2019-12-01
2019-12-02,128.25534550570077,2019-12-02
2019-12-03,128.30517776416048,2019-12-03
2019-12-04,129.06578541740197,2019-12-04
2019-12-05,139.96800074755706,2019-12-05
2019-12-06,152.1685052248713,2019-12-06
2019-12-07,153.0806757462813,2019-12-07
2019-12-08,141.7836583792841,2019-12-08
2019-12-09,138.10797194137,2019-12-09
2019-12-10,132.55059253049916,2019-12-10
2019-12-11,124.44575054489826,2019-12-11
2019-12-12,123.83993002676466,2019-12-12
2019-12-13,140.54095581829253,2019-12-13
2019-12-14,140.81354807238984,2019-12-14
2019-12-15,130.69033893868632,2019-12-15
2019-12-16,130.44238565080227,2019-12-16
2019-12-17,130.49669326669164,2019-12-17
2019-12-18,130.60865375653972,2019-12-18
2019-12-19,131.3922970958473,2019-12-19
2019-12-20,144.59872747927508,2019-12-20
2019-12-21,145.98618762118082,2019-12-21
2019-12-22,137.09060636334374,2019-12-22
2019-12-23,139.08666718643278,2019-12-23
2019-12-24,143.00124381635638,2019-12-24
2019-12-25,142.68662483896003,2019-12-25
2019-12-26,140.53378114003456,2019-12-26
2019-12-27,154.94136907062358,2019-12-27
2019-12-28,156.18451488972175,2019-12-28
2019-12-29,147.7333959570794,2019-12-29
2019-12-30,152.16550996724234,2019-12-30
2019-12-31,160.88858212581047,2019-12-31
2020-01-01,251.415269213014,2020-01-01
2020-01-02,244.23529299212925,2020-01-02
2020-01-03,249.6791623493593,2020-01-03
2020-01-04,249.67997777840299,2020-01-04
2020-01-05,245.12970069725606,2020-01-05
2020-01-06,240.87470007044428,2020-01-06
2020-01-07,239.50899939795408,2020-01-07
2020-01-08,238.97820213628813,2020-01-08
2020-01-09,241.42578378115275,2020-01-09
2020-01-10,248.00216457935602,2020-01-10
2020-01-11,248.4886590310447,2020-01-11
2020-01-12,241.29905577615443,2020-01-12
2020-01-13,241.88542507864696,2020-01-13
2020-01-14,233.25620551545035,2020-01-14
2020-01-15,234.18904547303978,2020-01-15
2020-01-16,234.34674837248681,2020-01-16
2020-01-17,241.80004343226045,2020-01-17
2020-01-18,241.8774645228213,2020-01-18
2020-01-19,234.32945620107634,2020-01-19
2020-01-20,234.3823486363492,2020-01-20
2020-01-21,234.59888295713094,2020-01-21
2020-01-22,235.67898224189813,2020-01-22
2020-01-23,235.9987461010854,2020-01-23
2020-01-24,242.89637258559986,2020-01-24
2020-01-25,243.15122685931584,2020-01-25
2020-01-26,234.91974923479674,2020-01-26
2020-01-27,234.12289324164212,2020-01-27
2020-01-28,234.0825646876528,2020-01-28
2020-01-29,234.1292541832542,2020-01-29
2020-01-30,234.25167103610994,2020-01-30
2020-01-31,241.7125303593099,2020-01-31
2020-02-01,244.27773638390622,2020-02-01
2020-02-02,236.5708769578664,2020-02-02
2020-02-03,236.4965759385359,2020-02-03
2020-02-04,236.4527702125678,2020-02-04
2020-02-05,237.89210011436677,2020-02-05
2020-02-06,229.94681577958,2020-02-06
2020-02-07,237.73929452388018,2020-02-07
2020-02-08,237.89261162245455,2020-02-08
2020-02-09,230.32827660623173,2020-02-09
2020-02-10,229.91056956198034,2020-02-10
2020-02-11,230.7127529576009,2020-02-11
2020-02-12,230.60997402264314,2020-02-12
2020-02-13,231.05803702828695,2020-02-13
2020-02-14,238.44390291723232,2020-02-14
2020-02-15,238.6313761520498,2020-02-15
2020-02-16,230.85246450310402,2020-02-16
2020-02-17,230.62772607464024,2020-02-17
2020-02-18,230.97238381126797,2020-02-18
2020-02-19,230.73574711242205,2020-02-19
2020-02-20,231.20483143479765,2020-02-20
2020-02-21,238.43367793353562,2020-02-21
2020-02-22,238.7593057115497,2020-02-22
2020-02-23,230.90586831043615,2020-02-23
2020-02-24,230.84318301121246,2020-02-24
2020-02-25,231.02057022505485,2020-02-25
2020-02-26,231.12923160316328,2020-02-26
2020-02-27,231.89035834908262,2020-02-27
2020-02-28,256.2087139355672,2020-02-28
2020-02-29,256.55576617845924,2020-02-29
2020-03-01,244.86142388677249,2020-03-01
2020-03-02,244.2058610313212,2020-03-02
2020-03-03,243.43558814756852,2020-03-03
2020-03-04,243.65075286248293,2020-03-04
2020-03-05,244.19926147652163,2020-03-05
2020-03-06,252.11985571534655,2020-03-06
2020-03-07,243.8275030352014,2020-03-07
2020-03-08,235.0976840017417,2020-03-08
2020-03-09,234.87968226410263,2020-03-09
2020-03-10,235.07376741871602,2020-03-10
2020-03-11,235.18154375772835,2020-03-11
2020-03-12,235.41579539013145,2020-03-12
2020-03-13,243.96960212298444,2020-03-13
2020-03-14,244.33283429931896,2020-03-14
2020-03-15,235.71548315203472,2020-03-15
2020-03-16,235.86561281574754,2020-03-16
2020-03-17,236.41394956699673,2020-03-17
2020-03-18,236.8009790791272,2020-03-18
2020-03-19,237.19743122490326,2020-03-19
2020-03-20,245.626119595279,2020-03-20
2020-03-21,245.9817792935802,2020-03-21
2020-03-22,237.7970930397723,2020-03-22
2020-03-23,237.48933422870545,2020-03-23
2020-03-24,237.46853880542858,2020-03-24
2020-03-25,237.59458895654853,2020-03-25
2020-03-26,238.17981681491017,2020-03-26
2020-03-27,246.5881031711567,2020-03-27
2020-03-28,246.88278717755853,2020-03-28
2020-03-29,238.29773789854397,2020-03-29
2020-03-30,238.11888838298796,2020-03-30
2020-03-31,238.110970733957,2020-03-31
2020-04-01,243.42498572268315,2020-04-01
2020-04-02,243.73563663276542,2020-04-02
2020-04-03,252.2698471223835,2020-04-03
2020-04-04,252.6805587559217,2020-04-04
2020-04-05,244.69924020412225,2020-04-05
2020-04-06,244.7136437679932,2020-04-06
2020-04-07,246.1398516114338,2020-04-07
2020-04-08,246.64982191786854,2020-04-08
2020-04-09,251.05083749435377,2020-04-09
2020-04-10,252.38034657170056,2020-04-10
2020-04-11,252.96990170572116,2020-04-11
2020-04-12,240.50301900956947,2020-04-12
2020-04-13,238.8852396129757,2020-04-13
2020-04-14,239.0314228629313,2020-04-14
2020-04-15,239.75203280261766,2020-04-15
2020-04-16,240.42333585583535,2020-04-16
2020-04-17,248.81455650956576,2020-04-17
2020-04-18,248.97484036725305,2020-04-18
2020-04-19,239.70751897714527,2020-04-19
2020-04-20,239.70218509897035,2020-04-20
2020-04-21,239.9920277147158,2020-04-21
2020-04-22,241.09666056278584,2020-04-22
2020-04-23,242.40476208143193,2020-04-23
2020-04-24,251.86382827824224,2020-04-24
2020-04-25,252.3662579400738,2020-04-25
2020-04-26,241.6219932265795,2020-04-26
2020-04-27,240.1878072819593,2020-04-27
2020-04-28,240.07396851250198,2020-04-28
2020-04-29,240.202556985859,2020-04-29
2020-04-30,241.5915320069711,2020-04-30
2020-05-01,253.62312154796012,2020-05-01
2020-05-02,253.60296377212106,2020-05-02
2020-05-03,242.8995404907915,2020-05-03
2020-05-04,242.2631134042909,2020-05-04
2020-05-05,242.53315523738107,2020-05-05
2020-05-06,242.71556513950858,2020-05-06
2020-05-07,243.9765889819114,2020-05-07
2020-05-08,254.7105930360281,2020-05-08
2020-05-09,254.5913051874214,2020-05-09
2020-05-10,244.95089261672902,2020-05-10
2020-05-11,244.34768626585824,2020-05-11
2020-05-12,244.66559922929517,2020-05-12
2020-05-13,232.62044017176834,2020-05-13
2020-05-14,233.06501479540373,2020-05-14
2020-05-15,242.41192685934251,2020-05-15
2020-05-16,242.535760074634,2020-05-16
2020-05-17,232.9366952808259,2020-05-17
2020-05-18,232.52978519249947,2020-05-18
2020-05-19,232.72215056724312,2020-05-19
2020-05-20,233.17271371206496,2020-05-20
2020-05-21,233.75118539347173,2020-05-21
2020-05-22,242.70884550729454,2020-05-22
2020-05-23,242.87790427915456,2020-05-23
2020-05-24,233.1522812869804,2020-05-24
2020-05-25,232.7989260562266,2020-05-25
2020-05-26,232.77747904131306,2020-05-26
2020-05-27,232.99327227475905,2020-05-27
2020-05-28,233.31355073454912,2020-05-28
2020-05-29,242.71639342279687,2020-05-29
2020-05-30,242.97575809824238,2020-05-30
2020-05-31,233.9591731075104,2020-05-31
2020-06-01,238.45255240294034,2020-06-01
2020-06-02,237.97872147316534,2020-06-02
2020-06-03,237.6245353092587,2020-06-03
2020-06-04,238.17062042655024,2020-06-04
2020-06-05,246.6166981637106,2020-06-05
2020-06-06,238.38296730593447,2020-06-06
2020-06-07,229.03308792116704,2020-06-07
2020-06-08,228.97130501958108,2020-06-08
2020-06-09,228.98743768712046,2020-06-09
2020-06-10,229.3522839923934,2020-06-10
2020-06-11,229.86792423881835,2020-06-11
2020-06-12,238.0962929330527,2020-06-12
2020-06-13,238.32330848399602,2020-06-13
2020-06-14,229.17575779753147,2020-06-14
2020-06-15,228.86707547459213,2020-06-15
2020-06-16,228.9472320743091,2020-06-16
2020-06-17,229.5278544655136,2020-06-17
2020-06-18,229.86416957541115,2020-06-18
2020-06-19,238.2369404890021,2020-06-19
2020-06-20,238.42794858030598,2020-06-20
2020-06-21,229.51694432593072,2020-06-21
2020-06-22,229.4308059214719,2020-06-22
2020-06-23,229.44070632532413,2020-06-23
2020-06-24,229.41891680972094,2020-06-24
2020-06-25,229.9959157502604,2020-06-25
2020-06-26,238.99130229299254,2020-06-26
2020-06-27,239.31840369521942,2020-06-27
2020-06-28,230.3949438217447,2020-06-28
2020-06-29,230.24272533776858,2020-06-29
2020-06-30,230.16243201072817,2020-06-30
2020-07-01,235.44981773317096,2020-07-01
2020-07-02,238.05154084698933,2020-07-02
2020-07-03,247.05044714185777,2020-07-03
2020-07-04,247.45429240586492,2020-07-04
2020-07-05,237.3933011471118,2020-07-05
2020-07-06,233.78111583401088,2020-07-06
2020-07-07,234.03778370637548,2020-07-07
2020-07-08,234.34121200565423,2020-07-08
2020-07-09,212.9275665678515,2020-07-09
2020-07-10,208.27639606320645,2020-07-10
2020-07-11,230.51560411647347,2020-07-11
2020-07-12,221.1078536949942,2020-07-12
2020-07-13,220.69203170862954,2020-07-13
2020-07-14,220.6689338971155,2020-07-14
2020-07-15,220.71841519408937,2020-07-15
2020-07-16,220.79726641898236,2020-07-16
2020-07-17,228.3964885904127,2020-07-17
2020-07-18,228.59772432031724,2020-07-18
2020-07-19,220.63428424240433,2020-07-19
2020-07-20,220.43611538797975,2020-07-20
2020-07-21,220.37232973227805,2020-07-21
2020-07-22,220.45805526351356,2020-07-22
2020-07-23,220.95315250934635,2020-07-23
2020-07-24,228.73568844234305,2020-07-24
2020-07-25,228.64698315998092,2020-07-25
2020-07-26,220.32929424166792,2020-07-26
2020-07-27,220.73791688053268,2020-07-27
2020-07-28,220.6209801515195,2020-07-28
2020-07-29,220.66119760740494,2020-07-29
2020-07-30,220.76499577854688,2020-07-30
2020-07-31,228.11999620678247,2020-07-31
2020-08-01,229.1127116004581,2020-08-01
2020-08-02,223.30920924298354,2020-08-02
2020-08-03,224.24415032344683,2020-08-03
2020-08-04,224.41210789024294,2020-08-04
2020-08-05,224.48003178501386,2020-08-05
2020-08-06,224.42537873030173,2020-08-06
2020-08-07,235.01329411020382,2020-08-07
2020-08-08,235.21543008601304,2020-08-08
2020-08-09,228.67416425261732,2020-08-09
2020-08-10,229.11266350740942,2020-08-10
2020-08-11,216.82819857600816,2020-08-11
2020-08-12,217.2573501178916,2020-08-12
2020-08-13,217.74714548222332,2020-08-13
2020-08-14,224.9321046294389,2020-08-14
2020-08-15,224.80937241265676,2020-08-15
2020-08-16,217.03809950881103,2020-08-16
2020-08-17,217.5225031534586,2020-08-17
2020-08-18,217.37709518190798,2020-08-18
2020-08-19,217.46202923205138,2020-08-19
2020-08-20,217.657168525227,2020-08-20
2020-08-21,225.0912975921111,2020-08-21
2020-08-22,225.27155509789586,2020-08-22
2020-08-23,217.4781091635173,2020-08-23
2020-08-24,217.4368438315173,2020-08-24
2020-08-25,217.57715303174223,2020-08-25
2020-08-26,217.5995490698324,2020-08-26
2020-08-27,217.72956277751317,2020-08-27
2020-08-28,224.7672605845975,2020-08-28
2020-08-29,224.91935294296096,2020-08-29
2020-08-30,217.25560779036346,2020-08-30
2020-08-31,217.2051641735035,2020-08-31
2020-09-01,221.12134077442,2020-09-01
2020-09-02,221.37654867253403,2020-09-02
2020-09-03,221.39868622443817,2020-09-03
2020-09-04,230.2313952517886,2020-09-04
2020-09-05,230.48287660885717,2020-09-05
2020-09-06,221.60259583357288,2020-09-06
2020-09-07,222.11535427183742,2020-09-07
2020-09-08,222.4237112695747,2020-09-08
2020-09-09,222.561183728357,2020-09-09
2020-09-10,222.865191970726,2020-09-10
2020-09-11,231.5382801693507,2020-09-11
2020-09-12,231.88347771904668,2020-09-12
2020-09-13,223.15790701276356,2020-09-13
2020-09-14,222.6085762231243,2020-09-14
2020-09-15,223.3005120190946,2020-09-15
2020-09-16,224.97231752712244,2020-09-16
2020-09-17,228.28259015444277,2020-09-17
2020-09-18,230.25339452152457,2020-09-18
2020-09-19,230.78229100292677,2020-09-19
2020-09-20,220.70658336275835,2020-09-20
2020-09-21,219.6263056242778,2020-09-21
2020-09-22,217.96580868581992,2020-09-22
2020-09-23,215.39615684302882,2020-09-23
2020-09-24,214.27634119546406,2020-09-24
2020-09-25,223.20652631227844,2020-09-25
2020-09-26,223.60712942659387,2020-09-26
2020-09-27,214.16314401459022,2020-09-27
2020-09-28,213.96509767902864,2020-09-28
2020-09-29,214.53450120402894,2020-09-29
2020-09-30,214.1094808341634,2020-09-30
2020-10-01,217.19775284032747,2020-10-01
2020-10-02,226.0915802367112,2020-10-02
2020-10-03,226.5117407558526,2020-10-03
2020-10-04,216.80352182521708,2020-10-04
2020-10-05,216.64184024173824,2020-10-05
2020-10-06,216.81035755426515,2020-10-06
2020-10-07,217.11389565030277,2020-10-07
2020-10-08,222.1021310202108,2020-10-08
2020-10-09,232.48979030816463,2020-10-09
2020-10-10,235.42839797860472,2020-10-10
2020-10-11,226.20372333462007,2020-10-11
2020-10-12,223.98877429140754,2020-10-12
2020-10-13,224.29648040653845,2020-10-13
2020-10-14,225.61904430448809,2020-10-14
2020-10-15,204.2887817703769,2020-10-15
2020-10-16,214.2288927841075,2020-10-16
2020-10-17,214.67177914110428,2020-10-17
2020-10-18,204.17674554484367,2020-10-18
2020-10-19,204.8820235660726,2020-10-19
2020-10-20,206.23522251436358,2020-10-20
2020-10-21,206.3983834842731,2020-10-21
2020-10-22,206.42491966111598,2020-10-22
2020-10-23,214.02244619729282,2020-10-23
2020-10-24,214.27578147823547,2020-10-24
2020-10-25,203.7370727432077,2020-10-25
2020-10-26,203.55506865322815,2020-10-26
2020-10-27,203.54036420294088,2020-10-27
2020-10-28,203.55511734346092,2020-10-28
2020-10-29,203.76828318239362,2020-10-29
2020-10-30,215.88470152887334,2020-10-30
2020-10-31,216.1993378128348,2020-10-31
2020-11-01,219.35176980378793,2020-11-01
2020-11-02,214.30760991284873,2020-11-02
2020-11-03,213.26018793514774,2020-11-03
2020-11-04,222.9106090851551,2020-11-04
2020-11-05,223.20828667413213,2020-11-05
2020-11-06,234.97239398218025,2020-11-06
2020-11-07,238.10803836603532,2020-11-07
2020-11-08,255.5,2020-11-08
2020-11-09,255.5,2020-11-09
2020-11-10,255.5,2020-11-10
2020-11-11,255.5,2020-11-11
2020-11-12,255.5,2020-11-12
2020-11-13,255.5,2020-11-13
